{"cameraMode":{"drawMode":0,"name":"Shaded","section":"Shading Mode"},"sceneLighting":true,"audioPlay":false,"sceneViewState":{"showFog":true,"showMaterialUpdate":false,"showSkybox":true,"showFlares":true,"showImageEffects":true,"showParticleSystems":true},"in2DMode":false,"pivot":{"x":2.106785297393799,"y":2.1899430751800539,"z":-7.78831672668457},"rotation":{"x":0.18228469789028169,"y":0.00147006765473634,"z":-0.0002735563030000776,"w":0.9832465052604675},"size":7.12800931930542,"orthographic":false}