{"cameraMode":{"drawMode":0,"name":"Shaded","section":"Shading Mode"},"sceneLighting":true,"audioPlay":false,"sceneViewState":{"showFog":true,"showMaterialUpdate":false,"showSkybox":true,"showFlares":true,"showImageEffects":true,"showParticleSystems":true},"in2DMode":false,"pivot":{"x":3.23799991607666,"y":2.312000036239624,"z":-6.783999919891357},"rotation":{"x":-0.11077220737934113,"y":-0.0005887426086701453,"z":0.00006570920231752098,"w":-0.9938466548919678},"size":7.58817720413208,"orthographic":false}