{"cameraMode":{"drawMode":0,"name":"Shaded","section":"Shading Mode"},"sceneLighting":true,"audioPlay":false,"sceneViewState":{"showFog":true,"showMaterialUpdate":false,"showSkybox":true,"showFlares":true,"showImageEffects":true,"showParticleSystems":true},"in2DMode":false,"pivot":{"x":2.3665435314178469,"y":2.1983742713928224,"z":-7.964255332946777},"rotation":{"x":-0.0868883803486824,"y":-0.006567424163222313,"z":0.0005728970863856375,"w":-0.9961973428726196},"size":22.0,"orthographic":false}